{
  "Sigma_CTE": 0.02885,
  "Q_CTE": 0.16667,
  "Tm_CTE": 1307,
  "Tg_CTE": 727,
  "Hm_CTE": 61090,
  "Cs_CTE": 1,
  "D_CTE": 4.68e-10,  
  
  "A_CTE": -2.662,
  "B_CTE": 3432.54,
  "To_CTE": 490.71
}